{
  "_fv": 69,
  "_type": "musicdisc",
  "definition": {
    "name": "Drippy Cheeze",
    "rarity": "COMMON",
    "texture": "minecraft:music_disc_13",
    "description": "Logan Paul - Drippy Cheeze",
    "creativeTabs": [
      {
        "value": "CUSTOM:SHeeEEeSh"
      }
    ],
    "specialInformation": {
      "fixedValue": []
    },
    "glowCondition": {
      "fixedValue": false
    },
    "music": {
      "value": "CUSTOM:drippy_cheese"
    },
    "lengthInTicks": 40,
    "analogOutput": 1
  }
}