{
  "_fv": 69,
  "_type": "projectile",
  "definition": {
    "projectileItem": {
      "value": "Blocks.CANDLE#15"
    },
    "showParticles": false,
    "actionSound": {
      "value": "block.chiseled_bookshelf.place"
    },
    "igniteFire": false,
    "power": 1.0,
    "damage": 5.0,
    "knockback": 5,
    "entityModel": "Default",
    "customModelTexture": "",
    "modelWidth": 0.5,
    "modelHeight": 0.5,
    "onHitsBlock": {
      "name": "DynamiteProjectileProjectileHitsBlock"
    }
  }
}